Year,District,Crop,Area,Tanks,Bore_Wells,Open_Wells,Production,Yield
2005,Kancheepuram,Paddy,114720,60732,12166,47252,293875,2562
2006,Kancheepuram,Paddy,103107,80055,8190,42426,395134,3832
2007,Kancheepuram,Paddy,91356,57026,9096,56041,345129,3778
2008,Kancheepuram,Paddy,90874,62080,6481,45929,329210,3623
2009,Kancheepuram,Paddy,91020,68479,7286,30418,331434,3641
2010,Kancheepuram,Paddy,95739,65840,9266,30766,378628,3955
2011,Kancheepuram,Paddy,90419,62222,8332,30289,395412,4373
2012,Kancheepuram,Paddy,77784,51892,9110,36735,344875,4434
2005,Thiruvallur,Paddy,96994,18081,47117,23272,271582,2800
2006,Thiruvallur,Paddy,89667,14482,53842,21675,318468,3552
2007,Thiruvallur,Paddy,78712,13815,56292,19877,286007,3634
2008,Thiruvallur,Paddy,82240,14041,59047,18342,315864,3841
2009,Thiruvallur,Paddy,80942,13131,60538,13646,256294,3166
2010,Thiruvallur,Paddy,83219,14494,59022,11450,250210,3007
2011,Thiruvallur,Paddy,79219,15785,57641,11618,313044,3952
2012,Thiruvallur,Paddy,78337,20318,56997,12530,300455,3835
2005,Cuddallore,Paddy,114291,7104,92451,8644,218345,1910
2006,Cuddallore,Paddy,105440,6756,88507,9644,392384,3721
2007,Cuddallore,Paddy,102798,6960,85055,9954,335119,3260
2008,Cuddallore,Paddy,107817,5576,83784,8965,223882,2077
2009,Cuddallore,Paddy,111517,5723,80220,9217,322962,2896
2010,Cuddallore,Paddy,115815,4952,87562,10512,301506,2603
2011,Cuddallore,Paddy,120983,4484,86685,10854,248242,2052
2012,Cuddallore,Paddy,111958,4664,77872,8955,339286,3030
2005,Villupuram,Paddy,168435,61205,54525,120661,511931,3039
2006,Villupuram,Paddy,144783,50854,50771,123787,496113,3427
2007,Villupuram,Paddy,145403,53999,48837,123020,480329,3303
2008,Villupuram,Paddy,146641,56981,43973,128947,451139,3076
2009,Villupuram,Paddy,148454,54809,41722,138143,467831,3151
2010,Villupuram,Paddy,149929,57686,43621,132899,512013,3415
2011,Villupuram,Paddy,129858,57732,41235,134698,471615,3632
2012,Villupuram,Paddy,115591,51318,42102,132264,396530,3430
2005,Vellore,Paddy,58163,21064,11516,69879,167451,2879
2006,Vellore,Paddy,41687,358,14943,84281,129193,3099
2007,Vellore,Paddy,44326,1127,15314,84548,148367,3347
2008,Vellore,Paddy,47417,5004,15890,77496,171873,3625
2009,Vellore,Paddy,39765,3464,14334,71636,135834,3416
2010,Vellore,Paddy,43222,2220,13665,74104,152825,3536
2011,Vellore,Paddy,37988,1961,13188,75342,151266,3982
2012,Vellore,Paddy,35707,881,13102,70349,152804,4279
2005,Thiruvannamalai,Paddy,142744,50325,857,106336,393528,2757
2006,Thiruvannamalai,Paddy,111459,25609,841,121091,366051,3284
2007,Thiruvannamalai,Paddy,112148,33324,1085,113950,385914,3441
2008,Thiruvannamalai,Paddy,101886,37080,960,113611,317944,3121
2009,Thiruvannamalai,Paddy,105177,19401,1120,121472,324984,3090
2010,Thiruvannamalai,Paddy,125490,33544,1443,114760,357692,2850
2011,Thiruvannamalai,Paddy,103924,26925,1323,119924,356196,3427
2012,Thiruvannamalai,Paddy,91774,25552,912,112826,325511,3547
2005,Salem,Paddy,37328,1708,7830,86335,137291,3678
2006,Salem,Paddy,27483,2236,10035,83976,99811,3632
2007,Salem,Paddy,21711,1372,9278,84363,72083,3320
2008,Salem,Paddy,29929,392,8989,92496,120383,4022
2009,Salem,Paddy,24382,170,9674,92746,106464,4366
2010,Salem,Paddy,33296,110,12169,96413,147778,4438
2011,Salem,Paddy,27745,0,13882,101843,125327,4517
2012,Salem,Paddy,12929,0,14355,92495,52953,4096
2005,Namakkal,Paddy,18833,794,21730,46879,68849,3656
2006,Namakkal,Paddy,15222,398,10998,44489,57678,3789
2007,Namakkal,Paddy,12205,205,4911,48948,45300,3712
2008,Namakkal,Paddy,13909,331,5949,54851,67301,4839
2009,Namakkal,Paddy,10687,113,6877,54766,45946,4299
2010,Namakkal,Paddy,14058,67,7135,62276,53956,3838
2011,Namakkal,Paddy,8129,57,7209,62242,35747,4397
2012,Namakkal,Paddy,5545,74,6962,51175,20254,3653
2005,Dharmapuri,Paddy,29023,6482,2056,51301,85390,2942
2006,Dharmapuri,Paddy,21062,6109,2073,55884,76072,3612
2007,Dharmapuri,Paddy,18801,3290,773,60780,70395,3744
2008,Dharmapuri,Paddy,20368,4022,765,59319,77727,3816
2009,Dharmapuri,Paddy,20310,2691,1920,58495,79675,3923
2010,Dharmapuri,Paddy,22862,2989,371,63449,93207,4077
2011,Dharmapuri,Paddy,27067,1543,224,81086,128226,4737
2012,Dharmapuri,Paddy,12003,1134,533,51094,53669,4471
2005,Krishnagiri,Paddy,21980,9110,644,34870,57797,2630
2006,Krishnagiri,Paddy,17890,8275,8268,34330,51037,2853
2007,Krishnagiri,Paddy,14982,7218,7115,31103,47672,3182
2008,Krishnagiri,Paddy,14621,6448,7430,29663,52303,3577
2009,Krishnagiri,Paddy,16490,6819,9748,30935,64976,3940
2010,Krishnagiri,Paddy,16337,8247,11609,30298,70126,4292
2011,Krishnagiri,Paddy,20111,8426,12761,29934,91443,4547
2012,Krishnagiri,Paddy,17753,7107,12903,29521,72186,4066
2005,Coimbatore,Paddy,7406,555,19608,96357,20665,2790
2006,Coimbatore,Paddy,6221,511,22719,100908,24009,3859
2007,Coimbatore,Paddy,6479,1384,26459,101711,24456,3775
2008,Coimbatore,Paddy,2573,43,18903,69573,25437,3860
2009,Coimbatore,Paddy,2817,0,22012,66921,9884,3509
2010,Coimbatore,Paddy,2666,0,19541,69391,10419,3908
2011,Coimbatore,Paddy,2629,0,21025,70073,10486,3988
2012,Coimbatore,Paddy,2156,0,20217,77732,7890,3659
2005,Thiruppur,Paddy,0,0,0,0,0,0
2006,Thiruppur,Paddy,0,0,0,0,0,0
2007,Thiruppur,Paddy,0,0,0,0,0,0
2008,Thiruppur,Paddy,11060,1444,10117,65485,0,0
2009,Thiruppur,Paddy,11958,1447,14103,60524,50179,4196
2010,Thiruppur,Paddy,11797,1418,9767,64962,46945,3979
2011,Thiruppur,Paddy,10612,1265,11179,69280,48936,4611
2012,Thiruppur,Paddy,245,1005,13377,63314,604,2461
2005,Erode,Paddy,43539,228,14659,52474,179564,4124
2006,Erode,Paddy,38548,295,18290,57410,161599,4192
2007,Erode,Paddy,38360,263,16489,66373,166860,4350
2008,Erode,Paddy,38053,94,17041,44736,196321,4353
2009,Erode,Paddy,38114,67,16390,42526,156419,4104
2010,Erode,Paddy,36659,55,18017,47313,154538,4216
2011,Erode,Paddy,33719,55,16463,43081,144357,4281
2012,Erode,Paddy,6603,71,28761,72643,29125,4411
2005,Tiruchirapalli,Paddy,79576,8791,10981,57883,236740,2975
2006,Tiruchirapalli,Paddy,71722,5789,9920,56434,282444,3938
2007,Tiruchirapalli,Paddy,61289,4696,7554,51392,227332,3709
2008,Tiruchirapalli,Paddy,72530,4850,7061,53552,262384,3618
2009,Tiruchirapalli,Paddy,64296,4054,5348,48562,266272,4141
2010,Tiruchirapalli,Paddy,67165,4447,4627,48437,268136,3992
2011,Tiruchirapalli,Paddy,63939,5480,4513,48070,302478,4731
2012,Tiruchirapalli,Paddy,45237,641,6990,41818,138079,3052
2005,Karur,Paddy,18398,601,5187,32807,48225,2621
2006,Karur,Paddy,13745,25,6141,26521,48272,3512
2007,Karur,Paddy,12433,55,4769,29292,40279,3240
2008,Karur,Paddy,15628,25,2352,35915,60158,3849
2009,Karur,Paddy,15013,25,4674,37239,64087,4269
2010,Karur,Paddy,14808,51,6591,33484,56991,3849
2011,Karur,Paddy,17090,63,8705,36965,65737,3847
2012,Karur,Paddy,10907,39,7166,25915,44073,4041
2005,Perambalur,Paddy,45952,9234,18749,29570,114562,2493
2006,Perambalur,Paddy,41930,7053,18807,31768,131983,3148
2007,Perambalur,Paddy,38121,5952,17865,29608,95428,2503
2008,Perambalur,Paddy,12399,2764,3276,21470,113794,3078
2009,Perambalur,Paddy,12089,2457,3417,21475,42372,3505
2010,Perambalur,Paddy,14245,3168,4301,23800,54714,3841
2011,Perambalur,Paddy,13099,2985,3426,27317,58475,4464
2012,Perambalur,Paddy,7299,2258,2649,21684,20892,2863
2005,Ariyalur,Paddy,0,0,0,0,0,0
2006,Ariyalur,Paddy,0,0,0,0,0,0
2007,Ariyalur,Paddy,0,0,0,0,0,0
2008,Ariyalur,Paddy,24574,4286,15159,3882,0,0
2009,Ariyalur,Paddy,25978,3545,14354,5209,80462,3097
2010,Ariyalur,Paddy,25211,3944,18535,4700,97869,3882
2011,Ariyalur,Paddy,24097,3442,19573,4819,97257,4036
2012,Ariyalur,Paddy,17523,1934,18786,3280,36392,2077
2005,Pudukkottai,Paddy,95986,71764,18902,8482,232568,2423
2006,Pudukkottai,Paddy,93365,69779,21521,5895,283985,3042
2007,Pudukkottai,Paddy,88665,65714,22812,7699,159552,1799
2008,Pudukkottai,Paddy,96386,75836,22566,7815,179770,1865
2009,Pudukkottai,Paddy,95302,75126,24063,6804,188449,1977
2010,Pudukkottai,Paddy,92901,73948,25009,6295,208874,2248
2011,Pudukkottai,Paddy,92590,73929,28191,8428,334264,3610
2012,Pudukkottai,Paddy,83585,66765,28950,5224,240394,2876
2005,Thanjavur,Paddy,154901,498,30034,513,399483,2579
2006,Thanjavur,Paddy,164243,258,34357,370,598160,3642
2007,Thanjavur,Paddy,150228,306,36602,1041,479643,3193
2008,Thanjavur,Paddy,177094,313,37077,967,357161,2017
2009,Thanjavur,Paddy,162938,250,33292,939,427142,2622
2010,Thanjavur,Paddy,166209,298,31490,935,476793,2869
2011,Thanjavur,Paddy,180859,253,33175,1011,722576,3995
2012,Thanjavur,Paddy,146959,21,35924,499,431121,2934
2005,Thiruvarur,Paddy,156098,0,0,0,243450,1560
2006,Thiruvarur,Paddy,176900,0,0,0,586375,3315
2007,Thiruvarur,Paddy,151629,0,0,0,311306,2053
2008,Thiruvarur,Paddy,178040,0,0,0,206611,1160
2009,Thiruvarur,Paddy,166252,0,0,0,483125,2906
2010,Thiruvarur,Paddy,160237,0,0,0,285589,1782
2011,Thiruvarur,Paddy,186307,0,0,0,789997,4240
2012,Thiruvarur,Paddy,158904,0,0,0,192843,1214
2005,Nagapatinam,Paddy,158100,0,0,0,136637,864
2006,Nagapatinam,Paddy,165714,0,0,0,630607,3805
2007,Nagapatinam,Paddy,154040,0,0,0,289317,1878
2008,Nagapatinam,Paddy,170840,0,0,0,225147,1318
2009,Nagapatinam,Paddy,157855,0,0,202,432029,2737
2010,Nagapatinam,Paddy,156049,0,0,0,321506,2060
2011,Nagapatinam,Paddy,170042,0,0,55,577026,3393
2012,Nagapatinam,Paddy,142210,0,0,0,201553,1417
2005,Madurai,Paddy,70996,18306,634,36319,234492,3303
2006,Madurai,Paddy,67230,21052,393,31085,267518,3979
2007,Madurai,Paddy,61864,25226,584,31012,214880,3473
2008,Madurai,Paddy,66699,26430,932,31470,267228,4006
2009,Madurai,Paddy,50986,20731,799,33723,203616,3994
2010,Madurai,Paddy,61064,26384,1087,34174,260055,4259
2011,Madurai,Paddy,65635,25052,773,37578,304235,4635
2012,Madurai,Paddy,18024,7157,444,32121,65000,3606
2005,Theni,Paddy,15694,1949,4935,36570,65285,4160
2006,Theni,Paddy,14915,1481,6546,38557,64209,4305
2007,Theni,Paddy,14400,1260,7694,38888,61662,4282
2008,Theni,Paddy,15579,1362,8390,42068,80292,5154
2009,Theni,Paddy,15371,1100,8795,40638,77710,5056
2010,Theni,Paddy,15355,1383,8398,42570,74010,4820
2011,Theni,Paddy,14735,1277,8598,43675,79132,5370
2012,Theni,Paddy,10321,1440,8948,45489,47635,4615
2005,Dindigul,Paddy,23735,3603,2368,89847,75304,3173
2006,Dindigul,Paddy,18607,4634,2212,84327,81248,4366
2007,Dindigul,Paddy,17276,6540,3686,85842,67837,3927
2008,Dindigul,Paddy,19638,7524,5186,91441,72661,3700
2009,Dindigul,Paddy,16647,7284,3479,90639,78849,4737
2010,Dindigul,Paddy,18349,7332,3128,97004,98053,5344
2011,Dindigul,Paddy,19158,9828,2877,103239,103376,5396
2012,Dindigul,Paddy,9476,6906,4056,97220,30806,3251
2005,Ramanathapuram,Paddy,127395,57034,443,11070,247079,1939
2006,Ramanathapuram,Paddy,130422,58723,681,10274,223190,1711
2007,Ramanathapuram,Paddy,123771,53110,2922,17213,29879,241
2008,Ramanathapuram,Paddy,128795,53017,2102,14545,202989,1576
2009,Ramanathapuram,Paddy,133885,52682,2006,13219,234880,1754
2010,Ramanathapuram,Paddy,131397,54818,1515,12568,253999,1933
2011,Ramanathapuram,Paddy,128960,54779,1458,10659,438236,3398
2012,Ramanathapuram,Paddy,116505,51863,1494,10688,68559,588
2005,Virudhunagar,Paddy,30776,26423,0,28942,98482,3200
2006,Virudhunagar,Paddy,32735,27689,0,31640,158214,4833
2007,Virudhunagar,Paddy,28214,24024,11,34229,93093,3300
2008,Virudhunagar,Paddy,32497,27201,95,33065,104587,3218
2009,Virudhunagar,Paddy,26617,23212,77,31034,64716,2431
2010,Virudhunagar,Paddy,30568,25099,93,27643,94515,3092
2011,Virudhunagar,Paddy,29658,24299,146,30634,118469,3995
2012,Virudhunagar,Paddy,22973,18266,196,28543,40467,1761
2005,Sivagangai,Paddy,89924,72849,2200,13950,192738,2143
2006,Sivagangai,Paddy,81385,66910,1917,10828,109450,1345
2007,Sivagangai,Paddy,76733,65416,1933,9743,78939,1029
2008,Sivagangai,Paddy,80833,70178,1810,10827,132139,1635
2009,Sivagangai,Paddy,77332,64509,3111,13874,138095,1786
2010,Sivagangai,Paddy,83927,70308,3497,15767,188417,2245
2011,Sivagangai,Paddy,83781,72697,2043,15048,310176,3702
2012,Sivagangai,Paddy,70632,50111,3081,22383,130306,1845
2005,Thirunelveli,Paddy,86397,46980,971,45376,309065,3577
2006,Thirunelveli,Paddy,91884,52031,874,47585,385278,4193
2007,Thirunelveli,Paddy,83711,47755,878,48274,323944,3870
2008,Thirunelveli,Paddy,91320,50003,984,50961,374214,4098
2009,Thirunelveli,Paddy,85994,49156,788,48626,355877,4138
2010,Thirunelveli,Paddy,79764,46374,990,44802,351822,4411
2011,Thirunelveli,Paddy,86725,48587,808,49969,459399,5297
2012,Thirunelveli,Paddy,45401,29922,846,41948,182667,4023
2005,Thoothukudi,Paddy,19932,10150,356,18035,81816,4105
2006,Thoothukudi,Paddy,21376,9654,446,16705,94000,4397
2007,Thoothukudi,Paddy,18056,10127,1108,18592,64735,3585
2008,Thoothukudi,Paddy,22401,6616,597,18955,108163,4829
2009,Thoothukudi,Paddy,19549,6402,802,18494,96675,4945
2010,Thoothukudi,Paddy,20007,6973,760,17627,89442,4471
2011,Thoothukudi,Paddy,17678,8572,582,18039,85771,4852
2012,Thoothukudi,Paddy,6234,3918,710,15316,24375,3910
2005,The_Nilgiris,Paddy,1430,0,0,504,4716,3298
2006,The_Nilgiris,Paddy,1249,0,0,521,3995,3199
2007,The_Nilgiris,Paddy,1110,0,0,534,4287,3862
2008,The_Nilgiris,Paddy,775,0,0,273,3046,3931
2009,The_Nilgiris,Paddy,509,0,0,346,1783,3503
2010,The_Nilgiris,Paddy,392,0,0,451,1400,3573
2011,The_Nilgiris,Paddy,399,0,0,364,1646,4125
2012,The_Nilgiris,Paddy,289,0,0,373,1148,3972
2005,Kanniyakumari,Paddy,21709,9782,522,1239,82523,3801
2006,Kanniyakumari,Paddy,21406,10360,157,347,94130,4397
2007,Kanniyakumari,Paddy,20349,15906,157,375,90210,4433
2008,Kanniyakumari,Paddy,18187,16340,158,389,83657,4600
2009,Kanniyakumari,Paddy,17307,16644,158,393,76237,4405
2010,Kanniyakumari,Paddy,16989,17065,168,432,80387,4732
2011,Kanniyakumari,Paddy,16617,16200,312,496,90110,5423
2012,Kanniyakumari,Paddy,12412,14901,2686,1671,57882,4663
2005,Kancheepuram,Cholam,1,60732,12166,47252,1,1422
2006,Kancheepuram,Cholam,9,80055,8190,42426,17,1863
2007,Kancheepuram,Cholam,16,57026,9096,56041,22,1390
2008,Kancheepuram,Cholam,18,62080,6481,45929,21,1141
2009,Kancheepuram,Cholam,8,68479,7286,30418,10,1250
2010,Kancheepuram,Cholam,4,65840,9266,30766,5,1205
2011,Kancheepuram,Cholam,0,62222,8332,30289,2,1662
2012,Kancheepuram,Cholam,2,51892,9110,36735,2,859
2005,Thiruvallur,Cholam,186,18081,47117,23272,139,750
2006,Thiruvallur,Cholam,122,14482,53842,21675,132,1083
2007,Thiruvallur,Cholam,81,13815,56292,19877,74,914
2008,Thiruvallur,Cholam,86,14041,59047,18342,77,894
2009,Thiruvallur,Cholam,42,13131,60538,13646,53,1262
2010,Thiruvallur,Cholam,63,14494,59022,11450,52,816
2011,Thiruvallur,Cholam,18,15785,57641,11618,22,1221
2012,Thiruvallur,Cholam,42,20318,56997,12530,34,815
2005,Cuddallore,Cholam,891,7104,92451,8644,560,628
2006,Cuddallore,Cholam,661,6756,88507,9644,870,1316
2007,Cuddallore,Cholam,1085,6960,85055,9954,968,892
2008,Cuddallore,Cholam,878,5576,83784,8965,730,831
2009,Cuddallore,Cholam,798,5723,80220,9217,779,976
2010,Cuddallore,Cholam,61,4952,87562,10512,56,909
2011,Cuddallore,Cholam,31,4484,86685,10854,35,1114
2012,Cuddallore,Cholam,95,4664,77872,8955,76,799
2005,Villupuram,Cholam,1465,61205,54525,120661,1157,789
2006,Villupuram,Cholam,2273,50854,50771,123787,1947,857
2007,Villupuram,Cholam,2934,53999,48837,123020,3081,1050
2008,Villupuram,Cholam,3475,56981,43973,128947,4611,1327
2009,Villupuram,Cholam,2110,54809,41722,138143,2727,1292
2010,Villupuram,Cholam,1743,57686,43621,132899,1553,891
2011,Villupuram,Cholam,71,57732,41235,134698,75,1053
2012,Villupuram,Cholam,540,51318,42102,132264,428,793
2005,Vellore,Cholam,10462,21064,11516,69879,12713,1215
2006,Vellore,Cholam,9340,358,14943,84281,9558,1023
2007,Vellore,Cholam,8945,1127,15314,84548,12032,1345
2008,Vellore,Cholam,7605,5004,15890,77496,6123,805
2009,Vellore,Cholam,7369,3464,14334,71636,6292,854
2010,Vellore,Cholam,6888,2220,13665,74104,4028,585
2011,Vellore,Cholam,6107,1961,13188,75342,9685,1586
2012,Vellore,Cholam,5545,881,13102,70349,4569,824
2005,Thiruvannamalai,Cholam,1243,50325,857,106336,882,710
2006,Thiruvannamalai,Cholam,1043,25609,841,121091,1052,1009
2007,Thiruvannamalai,Cholam,1039,33324,1085,113950,929,894
2008,Thiruvannamalai,Cholam,583,37080,960,113611,457,784
2009,Thiruvannamalai,Cholam,578,19401,1120,121472,549,950
2010,Thiruvannamalai,Cholam,639,33544,1443,114760,565,884
2011,Thiruvannamalai,Cholam,590,26925,1323,119924,689,1168
2012,Thiruvannamalai,Cholam,648,25552,912,112826,496,765
2005,Salem,Cholam,14655,1708,7830,86335,15089,1030
2006,Salem,Cholam,15732,2236,10035,83976,12268,780
2007,Salem,Cholam,11669,1372,9278,84363,8577,735
2008,Salem,Cholam,13724,392,8989,92496,12659,922
2009,Salem,Cholam,19613,170,9674,92746,13684,698
2010,Salem,Cholam,20702,110,12169,96413,19459,940
2011,Salem,Cholam,17397,0,13882,101843,17105,983
2012,Salem,Cholam,19108,0,14355,92495,16405,859
2005,Namakkal,Cholam,29907,794,21730,46879,28940,968
2006,Namakkal,Cholam,16408,398,10998,44489,16843,1027
2007,Namakkal,Cholam,15738,205,4911,48948,13051,829
2008,Namakkal,Cholam,17385,331,5949,54851,11456,659
2009,Namakkal,Cholam,9754,113,6877,54766,8459,867
2010,Namakkal,Cholam,19800,67,7135,62276,13817,698
2011,Namakkal,Cholam,9917,57,7209,62242,8476,855
2012,Namakkal,Cholam,54384,74,6962,51175,35587,654
2005,Dharmapuri,Cholam,12470,6482,2056,51301,11527,924
2006,Dharmapuri,Cholam,14114,6109,2073,55884,25318,1794
2007,Dharmapuri,Cholam,17170,3290,773,60780,22624,1318
2008,Dharmapuri,Cholam,17383,4022,765,59319,19423,1117
2009,Dharmapuri,Cholam,11605,2691,1920,58495,13198,1137
2010,Dharmapuri,Cholam,15696,2989,371,63449,12545,799
2011,Dharmapuri,Cholam,9200,1543,224,81086,12461,1354
2012,Dharmapuri,Cholam,10187,1134,533,51094,9563,939
2005,Krishnagiri,Cholam,5444,9110,644,34870,5798,1065
2006,Krishnagiri,Cholam,6139,8275,8268,34330,7406,1206
2007,Krishnagiri,Cholam,5477,7218,7115,31103,4935,901
2008,Krishnagiri,Cholam,5344,6448,7430,29663,7601,1422
2009,Krishnagiri,Cholam,5665,6819,9748,30935,15901,2807
2010,Krishnagiri,Cholam,5116,8247,11609,30298,14703,2874
2011,Krishnagiri,Cholam,4205,8426,12761,29934,10715,2548
2012,Krishnagiri,Cholam,3651,7107,12903,29521,2241,614
2005,Coimbatore,Cholam,77490,555,19608,96357,28383,366
2006,Coimbatore,Cholam,79210,511,22719,100908,61651,778
2007,Coimbatore,Cholam,74291,1384,26459,101711,33475,451
2008,Coimbatore,Cholam,34484,43,18903,69573,18434,303
2009,Coimbatore,Cholam,33081,0,22012,66921,14835,448
2010,Coimbatore,Cholam,30562,0,19541,69391,20146,659
2011,Coimbatore,Cholam,23114,0,21025,70073,18714,810
2012,Coimbatore,Cholam,22088,0,20217,77732,12134,549
2005,Thiruppur,Cholam,0,0,0,0,0,0
2006,Thiruppur,Cholam,0,0,0,0,0,0
2007,Thiruppur,Cholam,0,0,0,0,0,0
2008,Thiruppur,Cholam,26466,1444,10117,65485,0,0
2009,Thiruppur,Cholam,23018,1447,14103,60524,4946,215
2010,Thiruppur,Cholam,19972,1418,9767,64962,4791,240
2011,Thiruppur,Cholam,11971,1265,11179,69280,8389,701
2012,Thiruppur,Cholam,3666,1005,13377,63314,811,221
2005,Erode,Cholam,2490,228,14659,52474,950,382
2006,Erode,Cholam,250,295,18290,57410,357,1427
2007,Erode,Cholam,746,263,16489,66373,696,933
2008,Erode,Cholam,98,94,17041,44736,309,1273
2009,Erode,Cholam,27,67,16390,42526,43,1593
2010,Erode,Cholam,2,55,18017,47313,2,804
2011,Erode,Cholam,0,55,16463,43081,0,0
2012,Erode,Cholam,0,71,28761,72643,0,0
2005,Tiruchirapalli,Cholam,34475,8791,10981,57883,12439,361
2006,Tiruchirapalli,Cholam,30871,5789,9920,56434,21481,696
2007,Tiruchirapalli,Cholam,28704,4696,7554,51392,14667,511
2008,Tiruchirapalli,Cholam,25270,4850,7061,53552,11228,444
2009,Tiruchirapalli,Cholam,25862,4054,5348,48562,11194,433
2010,Tiruchirapalli,Cholam,22795,4447,4627,48437,13258,582
2011,Tiruchirapalli,Cholam,25056,5480,4513,48070,14121,564
2012,Tiruchirapalli,Cholam,20761,641,6990,41818,10900,525
2005,Karur,Cholam,21058,601,5187,32807,6339,301
2006,Karur,Cholam,27584,25,6141,26521,12829,465
2007,Karur,Cholam,24871,55,4769,29292,15498,623
2008,Karur,Cholam,21794,25,2352,35915,10590,486
2009,Karur,Cholam,21446,25,4674,37239,12763,595
2010,Karur,Cholam,20581,51,6591,33484,7246,352
2011,Karur,Cholam,16059,63,8705,36965,14882,927
2012,Karur,Cholam,7773,39,7166,25915,7672,987
2005,Perambalur,Cholam,9498,9234,18749,29570,5661,596
2006,Perambalur,Cholam,11049,7053,18807,31768,12036,1089
2007,Perambalur,Cholam,10008,5952,17865,29608,9293,929
2008,Perambalur,Cholam,4710,2764,3276,21470,4772,419
2009,Perambalur,Cholam,3881,2457,3417,21475,5800,1494
2010,Perambalur,Cholam,3195,3168,4301,23800,4296,1344
2011,Perambalur,Cholam,1363,2985,3426,27317,1628,1194
2012,Perambalur,Cholam,1230,2258,2649,21684,917,745
2005,Ariyalur,Cholam,0,0,0,0,0,0
2006,Ariyalur,Cholam,0,0,0,0,0,0
2007,Ariyalur,Cholam,0,0,0,0,0,0
2008,Ariyalur,Cholam,6674,4286,15159,3882,0,0
2009,Ariyalur,Cholam,4959,3545,14354,5209,7043,1420
2010,Ariyalur,Cholam,3520,3944,18535,4700,2514,714
2011,Ariyalur,Cholam,1674,3442,19573,4819,2136,1278
2012,Ariyalur,Cholam,1028,1934,18786,3280,1168,1136
2005,Pudukkottai,Cholam,777,71764,18902,8482,517,665
2006,Pudukkottai,Cholam,667,69779,21521,5895,627,940
2007,Pudukkottai,Cholam,166,65714,22812,7699,139,832
2008,Pudukkottai,Cholam,86,75836,22566,7815,62,717
2009,Pudukkottai,Cholam,90,75126,24063,6804,82,911
2010,Pudukkottai,Cholam,407,73948,25009,6295,328,808
2011,Pudukkottai,Cholam,525,73929,28191,8428,660,1256
2012,Pudukkottai,Cholam,234,66765,28950,5224,170,726
2005,Thanjavur,Cholam,0,498,30034,513,0,0
2006,Thanjavur,Cholam,0,258,34357,370,0,0
2007,Thanjavur,Cholam,0,306,36602,1041,0,0
2008,Thanjavur,Cholam,83,313,37077,967,150,1806
2009,Thanjavur,Cholam,3,250,33292,939,5,1667
2010,Thanjavur,Cholam,2,298,31490,935,2,804
2011,Thanjavur,Cholam,6,253,33175,1011,7,1096
2012,Thanjavur,Cholam,2,21,35924,499,1,726
2005,Thiruvarur,Cholam,0,0,0,0,0,0
2006,Thiruvarur,Cholam,0,0,0,0,0,0
2007,Thiruvarur,Cholam,6,0,0,0,9,1520
2008,Thiruvarur,Cholam,0,0,0,0,0,0
2009,Thiruvarur,Cholam,0,0,0,0,0,0
2010,Thiruvarur,Cholam,0,0,0,0,0,0
2011,Thiruvarur,Cholam,0,0,0,0,0,0
2012,Thiruvarur,Cholam,0,0,0,0,0,0
2005,Nagapatinam,Cholam,0,0,0,0,0,0
2006,Nagapatinam,Cholam,0,0,0,0,0,0
2007,Nagapatinam,Cholam,0,0,0,0,0,0
2008,Nagapatinam,Cholam,8,0,0,0,14,1806
2009,Nagapatinam,Cholam,0,0,0,202,0,0
2010,Nagapatinam,Cholam,0,0,0,0,0,0
2011,Nagapatinam,Cholam,0,0,0,55,0,0
2012,Nagapatinam,Cholam,42,0,0,0,42,991
2005,Madurai,Cholam,12078,18306,634,36319,13022,1078
2006,Madurai,Cholam,10165,21052,393,31085,10257,1009
2007,Madurai,Cholam,9780,25226,584,31012,10295,1053
2008,Madurai,Cholam,12580,26430,932,31470,5874,467
2009,Madurai,Cholam,10038,20731,799,33723,11573,1153
2010,Madurai,Cholam,9846,26384,1087,34174,12052,1224
2011,Madurai,Cholam,9554,25052,773,37578,15651,1638
2012,Madurai,Cholam,6305,7157,444,32121,6707,1064
2005,Theni,Cholam,13910,1949,4935,36570,27866,2003
2006,Theni,Cholam,11998,1481,6546,38557,27514,2293
2007,Theni,Cholam,13005,1260,7694,38888,28738,2210
2008,Theni,Cholam,11072,1362,8390,42068,26011,2349
2009,Theni,Cholam,9796,1100,8795,40638,27323,2789
2010,Theni,Cholam,10092,1383,8398,42570,31617,3133
2011,Theni,Cholam,9677,1277,8598,43675,32659,3375
2012,Theni,Cholam,6401,1440,8948,45489,18849,2945
2005,Dindigul,Cholam,42814,3603,2368,89847,36692,857
2006,Dindigul,Cholam,38242,4634,2212,84327,49514,1295
2007,Dindigul,Cholam,35878,6540,3686,85842,45802,1277
2008,Dindigul,Cholam,25357,7524,5186,91441,31805,1254
2009,Dindigul,Cholam,26591,7284,3479,90639,24210,910
2010,Dindigul,Cholam,28679,7332,3128,97004,46017,1605
2011,Dindigul,Cholam,29156,9828,2877,103239,50907,1746
2012,Dindigul,Cholam,22603,6906,4056,97220,27509,1217
2005,Ramanathapuram,Cholam,2979,57034,443,11070,989,332
2006,Ramanathapuram,Cholam,2366,58723,681,10274,2258,954
2007,Ramanathapuram,Cholam,1945,53110,2922,17213,1693,871
2008,Ramanathapuram,Cholam,1804,53017,2102,14545,1901,1054
2009,Ramanathapuram,Cholam,1825,52682,2006,13219,1533,840
2010,Ramanathapuram,Cholam,1771,54818,1515,12568,3442,1944
2011,Ramanathapuram,Cholam,1734,54779,1458,10659,1634,942
2012,Ramanathapuram,Cholam,2383,51863,1494,10688,1104,463
2005,Virudhunagar,Cholam,9819,26423,0,28942,6754,688
2006,Virudhunagar,Cholam,7114,27689,0,31640,6741,948
2007,Virudhunagar,Cholam,9278,24024,11,34229,7842,845
2008,Virudhunagar,Cholam,11078,27201,95,33065,16715,1509
2009,Virudhunagar,Cholam,9428,23212,77,31034,10155,1077
2010,Virudhunagar,Cholam,10465,25099,93,27643,13959,1334
2011,Virudhunagar,Cholam,9652,24299,146,30634,11315,1172
2012,Virudhunagar,Cholam,10735,18266,196,28543,10239,954
2005,Sivagangai,Cholam,158,72849,2200,13950,139,877
2006,Sivagangai,Cholam,72,66910,1917,10828,73,1017
2007,Sivagangai,Cholam,85,65416,1933,9743,74,877
2008,Sivagangai,Cholam,58,70178,1810,10827,77,1318
2009,Sivagangai,Cholam,94,64509,3111,13874,95,1011
2010,Sivagangai,Cholam,45,70308,3497,15767,53,1196
2011,Sivagangai,Cholam,93,72697,2043,15048,111,1199
2012,Sivagangai,Cholam,52,50111,3081,22383,40,767
2005,Thirunelveli,Cholam,2638,46980,971,45376,8557,3244
2006,Thirunelveli,Cholam,2047,52031,874,47585,6684,3265
2007,Thirunelveli,Cholam,3023,47755,878,48274,6972,2306
2008,Thirunelveli,Cholam,1367,50003,984,50961,3338,2442
2009,Thirunelveli,Cholam,2013,49156,788,48626,7445,3698
2010,Thirunelveli,Cholam,1860,46374,990,44802,1604,862
2011,Thirunelveli,Cholam,2295,48587,808,49969,2610,1137
2012,Thirunelveli,Cholam,2557,29922,846,41948,1932,755
2005,Thoothukudi,Cholam,9366,10150,356,18035,6335,676
2006,Thoothukudi,Cholam,6900,9654,446,16705,6507,943
2007,Thoothukudi,Cholam,7586,10127,1108,18592,6350,837
2008,Thoothukudi,Cholam,9406,6616,597,18955,18998,2020
2009,Thoothukudi,Cholam,8782,6402,802,18494,21263,2421
2010,Thoothukudi,Cholam,8959,6973,760,17627,18871,2106
2011,Thoothukudi,Cholam,8231,8572,582,18039,17833,2167
2012,Thoothukudi,Cholam,8831,3918,710,15316,5370,608
2005,The_Nilgiris,Cholam,0,0,0,504,0,0
2006,The_Nilgiris,Cholam,0,0,0,521,0,0
2007,The_Nilgiris,Cholam,0,0,0,534,0,0
2008,The_Nilgiris,Cholam,0,0,0,273,0,0
2009,The_Nilgiris,Cholam,0,0,0,346,0,0
2010,The_Nilgiris,Cholam,0,0,0,451,0,0
2011,The_Nilgiris,Cholam,0,0,0,364,0,0
2012,The_Nilgiris,Cholam,0,0,0,373,0,0
2005,Kanniyakumari,Cholam,0,9782,522,1239,0,0
2006,Kanniyakumari,Cholam,0,10360,157,347,0,0
2007,Kanniyakumari,Cholam,0,15906,157,375,0,0
2008,Kanniyakumari,Cholam,0,16340,158,389,0,0
2009,Kanniyakumari,Cholam,0,16644,158,393,0,0
2010,Kanniyakumari,Cholam,0,17065,168,432,0,0
2011,Kanniyakumari,Cholam,0,16200,312,496,0,0
2012,Kanniyakumari,Cholam,0,14901,2686,1671,0,0
2005,Kancheepuram,Cumbu,12,60732,12166,47252,26,2165
2006,Kancheepuram,Cumbu,32,80055,8190,42426,74,2326
2007,Kancheepuram,Cumbu,29,57026,9096,56041,76,2631
2008,Kancheepuram,Cumbu,2,62080,6481,45929,4,2033
2009,Kancheepuram,Cumbu,1,68479,7286,30418,1,1379
2010,Kancheepuram,Cumbu,43,65840,9266,30766,59,1368
2011,Kancheepuram,Cumbu,56,62222,8332,30289,125,2236
2012,Kancheepuram,Cumbu,31,51892,9110,36735,48,1544
2005,Thiruvallur,Cumbu,1454,18081,47117,23272,2343,1611
2006,Thiruvallur,Cumbu,1145,14482,53842,21675,3402,2972
2007,Thiruvallur,Cumbu,924,13815,56292,19877,2432,2632
2008,Thiruvallur,Cumbu,628,14041,59047,18342,1313,2091
2009,Thiruvallur,Cumbu,299,13131,60538,13646,572,1913
2010,Thiruvallur,Cumbu,280,14494,59022,11450,373,1331
2011,Thiruvallur,Cumbu,223,15785,57641,11618,294,1319
2012,Thiruvallur,Cumbu,478,20318,56997,12530,730,1526
2005,Cuddallore,Cumbu,1533,7104,92451,8644,2066,1347
2006,Cuddallore,Cumbu,1275,6756,88507,9644,1608,1261
2007,Cuddallore,Cumbu,1714,6960,85055,9954,2806,1637
2008,Cuddallore,Cumbu,1842,5576,83784,8965,2914,1582
2009,Cuddallore,Cumbu,2058,5723,80220,9217,6143,2985
2010,Cuddallore,Cumbu,1731,4952,87562,10512,3615,2088
2011,Cuddallore,Cumbu,1779,4484,86685,10854,5252,2952
2012,Cuddallore,Cumbu,2499,4664,77872,8955,5962,2385
2005,Villupuram,Cumbu,14810,61205,54525,120661,12810,865
2006,Villupuram,Cumbu,11827,50854,50771,123787,9685,819
2007,Villupuram,Cumbu,15172,53999,48837,123020,17242,1136
2008,Villupuram,Cumbu,12565,56981,43973,128947,13586,1081
2009,Villupuram,Cumbu,11325,54809,41722,138143,12082,1067
2010,Villupuram,Cumbu,10727,57686,43621,132899,12889,1202
2011,Villupuram,Cumbu,12823,57732,41235,134698,29870,2329
2012,Villupuram,Cumbu,8568,51318,42102,132264,10717,1251
2005,Vellore,Cumbu,2884,21064,11516,69879,3115,1080
2006,Vellore,Cumbu,2330,358,14943,84281,2664,1143
2007,Vellore,Cumbu,2094,1127,15314,84548,3804,1817
2008,Vellore,Cumbu,1917,5004,15890,77496,1442,752
2009,Vellore,Cumbu,1830,3464,14334,71636,2354,1286
2010,Vellore,Cumbu,1855,2220,13665,74104,1695,914
2011,Vellore,Cumbu,1985,1961,13188,75342,3737,1883
2012,Vellore,Cumbu,1879,881,13102,70349,5283,2812
2005,Thiruvannamalai,Cumbu,4913,50325,857,106336,3023,615
2006,Thiruvannamalai,Cumbu,3715,25609,841,121091,2755,742
2007,Thiruvannamalai,Cumbu,4002,33324,1085,113950,4158,1039
2008,Thiruvannamalai,Cumbu,5617,37080,960,113611,6666,1187
2009,Thiruvannamalai,Cumbu,2604,19401,1120,121472,1799,691
2010,Thiruvannamalai,Cumbu,3331,33544,1443,114760,2154,647
2011,Thiruvannamalai,Cumbu,2865,26925,1323,119924,5237,1828
2012,Thiruvannamalai,Cumbu,2837,25552,912,112826,5010,1766
2005,Salem,Cumbu,1654,1708,7830,86335,1762,1066
2006,Salem,Cumbu,1486,2236,10035,83976,1903,1280
2007,Salem,Cumbu,924,1372,9278,84363,1033,1117
2008,Salem,Cumbu,875,392,8989,92496,1744,1992
2009,Salem,Cumbu,1223,170,9674,92746,1380,1128
2010,Salem,Cumbu,1933,110,12169,96413,2775,1436
2011,Salem,Cumbu,838,0,13882,101843,1301,1552
2012,Salem,Cumbu,660,0,14355,92495,711,1078
2005,Namakkal,Cumbu,389,794,21730,46879,543,1396
2006,Namakkal,Cumbu,541,398,10998,44489,865,1598
2007,Namakkal,Cumbu,210,205,4911,48948,358,1702
2008,Namakkal,Cumbu,119,331,5949,54851,242,2027
2009,Namakkal,Cumbu,268,113,6877,54766,440,1642
2010,Namakkal,Cumbu,93,67,7135,62276,128,1370
2011,Namakkal,Cumbu,51,57,7209,62242,121,2378
2012,Namakkal,Cumbu,178,74,6962,51175,266,1497
2005,Dharmapuri,Cumbu,1080,6482,2056,51301,1391,1288
2006,Dharmapuri,Cumbu,912,6109,2073,55884,1572,1723
2007,Dharmapuri,Cumbu,871,3290,773,60780,1395,1601
2008,Dharmapuri,Cumbu,561,4022,765,59319,2186,3897
2009,Dharmapuri,Cumbu,867,2691,1920,58495,673,776
2010,Dharmapuri,Cumbu,1377,2989,371,63449,1897,1378
2011,Dharmapuri,Cumbu,1515,1543,224,81086,3544,2340
2012,Dharmapuri,Cumbu,608,1134,533,51094,1130,1859
2005,Krishnagiri,Cumbu,575,9110,644,34870,517,900
2006,Krishnagiri,Cumbu,546,8275,8268,34330,961,1761
2007,Krishnagiri,Cumbu,459,7218,7115,31103,661,1442
2008,Krishnagiri,Cumbu,439,6448,7430,29663,604,1375
2009,Krishnagiri,Cumbu,524,6819,9748,30935,759,1448
2010,Krishnagiri,Cumbu,442,8247,11609,30298,567,1283
2011,Krishnagiri,Cumbu,337,8426,12761,29934,749,2221
2012,Krishnagiri,Cumbu,463,7107,12903,29521,709,1530
2005,Coimbatore,Cumbu,412,555,19608,96357,745,1807
2006,Coimbatore,Cumbu,458,511,22719,100908,856,1871
2007,Coimbatore,Cumbu,569,1384,26459,101711,943,1658
2008,Coimbatore,Cumbu,111,43,18903,69573,1548,5670
2009,Coimbatore,Cumbu,123,0,22012,66921,185,1504
2010,Coimbatore,Cumbu,52,0,19541,69391,74,1420
2011,Coimbatore,Cumbu,94,0,21025,70073,210,2233
2012,Coimbatore,Cumbu,60,0,20217,77732,89,1489
2005,Thiruppur,Cumbu,0,0,0,0,0,0
2006,Thiruppur,Cumbu,0,0,0,0,0,0
2007,Thiruppur,Cumbu,0,0,0,0,0,0
2008,Thiruppur,Cumbu,208,1444,10117,65485,0,0
2009,Thiruppur,Cumbu,160,1447,14103,60524,590,3688
2010,Thiruppur,Cumbu,88,1418,9767,64962,126,1428
2011,Thiruppur,Cumbu,82,1265,11179,69280,186,2271
2012,Thiruppur,Cumbu,69,1005,13377,63314,93,1357
2005,Erode,Cumbu,468,228,14659,52474,565,1208
2006,Erode,Cumbu,477,295,18290,57410,699,1465
2007,Erode,Cumbu,458,263,16489,66373,731,1596
2008,Erode,Cumbu,242,94,17041,44736,426,1478
2009,Erode,Cumbu,222,67,16390,42526,342,1541
2010,Erode,Cumbu,241,55,18017,47313,304,1262
2011,Erode,Cumbu,79,55,16463,43081,175,2211
2012,Erode,Cumbu,58,71,28761,72643,88,1524
2005,Tiruchirapalli,Cumbu,2663,8791,10981,57883,851,320
2006,Tiruchirapalli,Cumbu,2976,5789,9920,56434,2561,860
2007,Tiruchirapalli,Cumbu,2043,4696,7554,51392,976,477
2008,Tiruchirapalli,Cumbu,1629,4850,7061,53552,815,500
2009,Tiruchirapalli,Cumbu,1776,4054,5348,48562,1384,779
2010,Tiruchirapalli,Cumbu,1892,4447,4627,48437,1276,675
2011,Tiruchirapalli,Cumbu,1406,5480,4513,48070,2253,1603
2012,Tiruchirapalli,Cumbu,1327,641,6990,41818,957,721
2005,Karur,Cumbu,5728,601,5187,32807,1461,255
2006,Karur,Cumbu,4365,25,6141,26521,1826,419
2007,Karur,Cumbu,2318,55,4769,29292,648,279
2008,Karur,Cumbu,2966,25,2352,35915,1360,459
2009,Karur,Cumbu,2403,25,4674,37239,1822,758
2010,Karur,Cumbu,1550,51,6591,33484,719,464
2011,Karur,Cumbu,1559,63,8705,36965,2666,1710
2012,Karur,Cumbu,927,39,7166,25915,1449,1563
2005,Perambalur,Cumbu,1017,9234,18749,29570,1522,1496
2006,Perambalur,Cumbu,817,7053,18807,31768,799,978
2007,Perambalur,Cumbu,638,5952,17865,29608,907,1422
2008,Perambalur,Cumbu,63,2764,3276,21470,991,1577
2009,Perambalur,Cumbu,205,2457,3417,21475,526,2566
2010,Perambalur,Cumbu,287,3168,4301,23800,379,1319
2011,Perambalur,Cumbu,151,2985,3426,27317,377,2494
2012,Perambalur,Cumbu,324,2258,2649,21684,499,1539
2005,Ariyalur,Cumbu,0,0,0,0,0,0
2006,Ariyalur,Cumbu,0,0,0,0,0,0
2007,Ariyalur,Cumbu,0,0,0,0,0,0
2008,Ariyalur,Cumbu,565,4286,15159,3882,0,0
2009,Ariyalur,Cumbu,644,3545,14354,5209,1082,1680
2010,Ariyalur,Cumbu,693,3944,18535,4700,890,1283
2011,Ariyalur,Cumbu,596,3442,19573,4819,1517,2545
2012,Ariyalur,Cumbu,607,1934,18786,3280,1039,1711
2005,Pudukkottai,Cumbu,39,71764,18902,8482,51,1319
2006,Pudukkottai,Cumbu,58,69779,21521,5895,82,1414
2007,Pudukkottai,Cumbu,13,65714,22812,7699,34,2631
2008,Pudukkottai,Cumbu,0,75836,22566,7815,0,0
2009,Pudukkottai,Cumbu,0,75126,24063,6804,0,0
2010,Pudukkottai,Cumbu,0,73948,25009,6295,0,0
2011,Pudukkottai,Cumbu,11,73929,28191,8428,24,2211
2012,Pudukkottai,Cumbu,53,66765,28950,5224,83,1561
2005,Thanjavur,Cumbu,1,498,30034,513,2,2165
2006,Thanjavur,Cumbu,0,258,34357,370,0,0
2007,Thanjavur,Cumbu,2,306,36602,1041,5,2631
2008,Thanjavur,Cumbu,0,313,37077,967,0,0
2009,Thanjavur,Cumbu,6,250,33292,939,14,2333
2010,Thanjavur,Cumbu,0,298,31490,935,0,0
2011,Thanjavur,Cumbu,2,253,33175,1011,4,2211
2012,Thanjavur,Cumbu,1,21,35924,499,2,1561
2005,Thiruvarur,Cumbu,0,0,0,0,0,0
2006,Thiruvarur,Cumbu,0,0,0,0,0,0
2007,Thiruvarur,Cumbu,0,0,0,0,0,0
2008,Thiruvarur,Cumbu,0,0,0,0,0,0
2009,Thiruvarur,Cumbu,0,0,0,0,0,0
2010,Thiruvarur,Cumbu,0,0,0,0,0,0
2011,Thiruvarur,Cumbu,0,0,0,0,0,0
2012,Thiruvarur,Cumbu,0,0,0,0,0,0
2005,Nagapatinam,Cumbu,0,0,0,0,0,0
2006,Nagapatinam,Cumbu,0,0,0,0,0,0
2007,Nagapatinam,Cumbu,0,0,0,0,0,0
2008,Nagapatinam,Cumbu,0,0,0,0,0,0
2009,Nagapatinam,Cumbu,0,0,0,202,0,0
2010,Nagapatinam,Cumbu,0,0,0,0,0,0
2011,Nagapatinam,Cumbu,0,0,0,55,0,0
2012,Nagapatinam,Cumbu,5,0,0,0,5,1019
2005,Madurai,Cumbu,5703,18306,634,36319,6790,1191
2006,Madurai,Cumbu,5110,21052,393,31085,6606,1293
2007,Madurai,Cumbu,4874,25226,584,31012,6589,1352
2008,Madurai,Cumbu,5675,26430,932,31470,9662,1703
2009,Madurai,Cumbu,5452,20731,799,33723,9872,1811
2010,Madurai,Cumbu,5187,26384,1087,34174,10111,1949
2011,Madurai,Cumbu,4049,25052,773,37578,10843,2678
2012,Madurai,Cumbu,1688,7157,444,32121,3513,2081
2005,Theni,Cumbu,3897,1949,4935,36570,5897,1513
2006,Theni,Cumbu,3128,1481,6546,38557,6640,2123
2007,Theni,Cumbu,2840,1260,7694,38888,4859,1711
2008,Theni,Cumbu,2655,1362,8390,42068,4571,1722
2009,Theni,Cumbu,3423,1100,8795,40638,8738,2553
2010,Theni,Cumbu,3203,1383,8398,42570,10363,3235
2011,Theni,Cumbu,3337,1277,8598,43675,7490,2245
2012,Theni,Cumbu,2504,1440,8948,45489,4124,1647
2005,Dindigul,Cumbu,4339,3603,2368,89847,4361,1005
2006,Dindigul,Cumbu,3632,4634,2212,84327,6116,1684
2007,Dindigul,Cumbu,3382,6540,3686,85842,2700,798
2008,Dindigul,Cumbu,2244,7524,5186,91441,3940,1756
2009,Dindigul,Cumbu,2052,7284,3479,90639,2894,1410
2010,Dindigul,Cumbu,1985,7332,3128,97004,3209,1617
2011,Dindigul,Cumbu,2038,9828,2877,103239,5602,2749
2012,Dindigul,Cumbu,1280,6906,4056,97220,1378,1077
2005,Ramanathapuram,Cumbu,1253,57034,443,11070,562,449
2006,Ramanathapuram,Cumbu,1074,58723,681,10274,1557,1449
2007,Ramanathapuram,Cumbu,617,53110,2922,17213,859,1393
2008,Ramanathapuram,Cumbu,479,53017,2102,14545,680,1421
2009,Ramanathapuram,Cumbu,581,52682,2006,13219,769,1324
2010,Ramanathapuram,Cumbu,464,54818,1515,12568,818,1764
2011,Ramanathapuram,Cumbu,496,54779,1458,10659,876,1766
2012,Ramanathapuram,Cumbu,741,51863,1494,10688,363,490
2005,Virudhunagar,Cumbu,6246,26423,0,28942,9186,1471
2006,Virudhunagar,Cumbu,4409,27689,0,31640,16713,3791
2007,Virudhunagar,Cumbu,3950,24024,11,34229,7586,1921
2008,Virudhunagar,Cumbu,3130,27201,95,33065,5515,1762
2009,Virudhunagar,Cumbu,3259,23212,77,31034,5010,1537
2010,Virudhunagar,Cumbu,2475,25099,93,27643,6134,2478
2011,Virudhunagar,Cumbu,2200,24299,146,30634,5645,2566
2012,Virudhunagar,Cumbu,2782,18266,196,28543,3103,1115
2005,Sivagangai,Cumbu,50,72849,2200,13950,101,2033
2006,Sivagangai,Cumbu,4,66910,1917,10828,6,1414
2007,Sivagangai,Cumbu,4,65416,1933,9743,5,1347
2008,Sivagangai,Cumbu,6,70178,1810,10827,14,2268
2009,Sivagangai,Cumbu,78,64509,3111,13874,109,1397
2010,Sivagangai,Cumbu,0,70308,3497,15767,0,0
2011,Sivagangai,Cumbu,3,72697,2043,15048,7,2211
2012,Sivagangai,Cumbu,3,50111,3081,22383,5,1561
2005,Thirunelveli,Cumbu,639,46980,971,45376,1791,2802
2006,Thirunelveli,Cumbu,663,52031,874,47585,1170,1765
2007,Thirunelveli,Cumbu,551,47755,878,48274,1293,2347
2008,Thirunelveli,Cumbu,428,50003,984,50961,804,1879
2009,Thirunelveli,Cumbu,404,49156,788,48626,938,2322
2010,Thirunelveli,Cumbu,163,46374,990,44802,341,2089
2011,Thirunelveli,Cumbu,105,48587,808,49969,296,2822
2012,Thirunelveli,Cumbu,100,29922,846,41948,145,1464
2005,Thoothukudi,Cumbu,20166,10150,356,18035,33318,1652
2006,Thoothukudi,Cumbu,14532,9654,446,16705,27849,1916
2007,Thoothukudi,Cumbu,11140,10127,1108,18592,23740,2131
2008,Thoothukudi,Cumbu,11706,6616,597,18955,22994,1964
2009,Thoothukudi,Cumbu,12640,6402,802,18494,22174,1754
2010,Thoothukudi,Cumbu,9390,6973,760,17627,16473,1754
2011,Thoothukudi,Cumbu,7984,8572,582,18039,26046,3262
2012,Thoothukudi,Cumbu,12198,3918,710,15316,9004,738
2005,The_Nilgiris,Cumbu,0,0,0,504,0,0
2006,The_Nilgiris,Cumbu,0,0,0,521,0,0
2007,The_Nilgiris,Cumbu,0,0,0,534,0,0
2008,The_Nilgiris,Cumbu,0,0,0,273,0,0
2009,The_Nilgiris,Cumbu,0,0,0,346,0,0
2010,The_Nilgiris,Cumbu,0,0,0,451,0,0
2011,The_Nilgiris,Cumbu,0,0,0,364,0,0
2012,The_Nilgiris,Cumbu,0,0,0,373,0,0
2005,Kanniyakumari,Cumbu,0,9782,522,1239,0,0
2006,Kanniyakumari,Cumbu,0,10360,157,347,0,0
2007,Kanniyakumari,Cumbu,0,15906,157,375,0,0
2008,Kanniyakumari,Cumbu,0,16340,158,389,0,0
2009,Kanniyakumari,Cumbu,0,16644,158,393,0,0
2010,Kanniyakumari,Cumbu,0,17065,168,432,0,0
2011,Kanniyakumari,Cumbu,0,16200,312,496,0,0
2012,Kanniyakumari,Cumbu,0,14901,2686,1671,0,0
